id,url,title,views,status
_fkaSwHD2Qw,https://www.youtube.com/shorts/_fkaSwHD2Qw,“Steph Curry is the best player” 4K edit #shorts,1924,
95cDhgGjbT8,https://www.youtube.com/shorts/95cDhgGjbT8,When kobe save United States🤯🏀 #basketball #shorts,1495,
4uBCLKBk1Sc,https://www.youtube.com/shorts/4uBCLKBk1Sc,Allen Iverson iconic crossover!! #shorts #nba,1427,
oQN91HYJetU,https://www.youtube.com/shorts/oQN91HYJetU,What a slowmotion dunk 😲 #slowmotion #dunk #nba #basketball #usa #viral,1208,
sy0Zrm4Rb7c,https://www.youtube.com/shorts/sy0Zrm4Rb7c,"He Just Dropped 32 Points, Then This Happened On Camera 😂🏀 #shorts",1198,
X8j_uKm5uT8,https://www.youtube.com/shorts/X8j_uKm5uT8,𝕃𝕒𝕞𝕖𝕝𝕠 𝕓𝕒𝕝𝕝 𝕤𝕙𝕒𝕜𝕖 𝕖𝕕𝕚𝕥#nba,1183,
Yl6UXXjAD4o,https://www.youtube.com/shorts/Yl6UXXjAD4o,[4K] Steph Curry {EDIT} (Death Rattle)#shorts,1174,
Yu82ggxiIRo,https://www.youtube.com/shorts/Yu82ggxiIRo,[4K] Steph Curry - Don’t Stop @trixxoncc #nba #nba #edit #nbaedits #shorts #stephencurry,1155,
zQui1x_nJvY,https://www.youtube.com/shorts/zQui1x_nJvY,4k quality steph curry edit🏀 #basketball #nba #stephencurry #edit #viral #shorts,1113,
X1ZiYtAIN5w,https://www.youtube.com/shorts/X1ZiYtAIN5w,Dennis Rodman edit #dennisrodman #basketball #nba #itriedmybest #butifyoucloseyoureyes #edit,1092,
4O5Y2SRPxUQ,https://www.youtube.com/shorts/4O5Y2SRPxUQ,Allen Iverson CROSSOVER Against Michael Jordan! #shorts,1077,
GMF27MPV1kc,https://www.youtube.com/shorts/GMF27MPV1kc,Tears of champions #hoopfest #nbanews #lakersvstimberwolves,1059,
MLgzTE4HTdM,https://www.youtube.com/shorts/MLgzTE4HTdM,Steph’s Funniest Celebration 😂 #shorts #nba #basketball,930,
lQ_8sDkkF3I,https://www.youtube.com/shorts/lQ_8sDkkF3I,ALL HAIL THE KING 👑🔥 #nba #lebronjames #basketball #edit #usa #fps,772,
Gu80fxiDUJ4,https://www.youtube.com/shorts/Gu80fxiDUJ4,Shaq gilgeous Alexander edit @LGYE50,663,
SEyUlckwfOQ,https://www.youtube.com/shorts/SEyUlckwfOQ,shai and Russ edit#fyp#viral#blowthisup#westbrook,632,
QiNAdmNDErA,https://www.youtube.com/shorts/QiNAdmNDErA,hakeem olajuwon edit,628,
BDz_zZgRqZ0,https://www.youtube.com/shorts/BDz_zZgRqZ0,too much aura! #shorts #fyp #sga #okc #nba #nbaedits #mixtape,530,
xbkm8zORhPQ,https://www.youtube.com/shorts/xbkm8zORhPQ,Stephen Curry🔥 [4K EDIT] (should’ve known by unbnd) #shorts #edit #curry #trending #viral #new #pls,462,
ikGIZqGGtIA,https://www.youtube.com/shorts/ikGIZqGGtIA,When Shaq FORCED Kobe To End His 40-Point Streak 😳,447,
HXW6WIYmPVc,https://www.youtube.com/shorts/HXW6WIYmPVc,M A S K  O F F 🎺🎺,389,
bJrAPe5OFy4,https://www.youtube.com/shorts/bJrAPe5OFy4,JSN x JJettas mix // spam comments #nba #basketball #mix,372,
l2zHEWAO8nI,https://www.youtube.com/shorts/l2zHEWAO8nI,Kawhi Leonard edit 🤞/ #nba #nbaedits #basketball #lebronjames #kawhileonard,357,
iAAr1mDqkgA,https://www.youtube.com/shorts/iAAr1mDqkgA,Stephen Curry is the first unanimous MVP in NBA history #basketball #nba #stephencurry #shorts,357,
30pBIViM67k,https://www.youtube.com/shorts/30pBIViM67k,90s RAPPERS EDIT#hiphop #rap #shorts,336,
QT5gklcbRLw,https://www.youtube.com/shorts/QT5gklcbRLw,Imagine if this guy could shoot 🥀,325,
EDYaggTeQnY,https://www.youtube.com/shorts/EDYaggTeQnY,Ja edit #nba #basketball #jamorant #edit #sports #shorts #dontflop #nfl,315,
okFIwWA5cXQ,https://www.youtube.com/shorts/okFIwWA5cXQ,29/30 edits #trending #trendingshorts #edit #nba #sad #sports #nbachampion #nbanation #traeyoung,306,
rRDJZ5cG7xA,https://www.youtube.com/shorts/rRDJZ5cG7xA,Rate these 1-10 #shorts,291,
Ul_3FMMkoCo,https://www.youtube.com/shorts/Ul_3FMMkoCo,Dylan 2 tuff to not edit. #dylanharper #rutgers #basketball... #Shorts #uno3606,279,
VrwyF_350Rk,https://www.youtube.com/shorts/VrwyF_350Rk,[4K] Damian Lillard - Edit [Made it This Far],247,
qOTJyURuc6Y,https://www.youtube.com/shorts/qOTJyURuc6Y,2016 - unanimous MVP🦾#shorts #basketball #nba #curry #stephencurry,235,
BTSTAvHgaLM,https://www.youtube.com/shorts/BTSTAvHgaLM,[4K] Damian Lillard「EDIT」(BookBag 2.0),226,
KAP0ocZ_bNM,https://www.youtube.com/shorts/KAP0ocZ_bNM,Kawhi Leonard insane game winner vs 76ers slow Mo 🔥🔥 #shorts,187,
GguFei1gDp4,https://www.youtube.com/shorts/GguFei1gDp4,Vhs edit,162,
SlHQQRyur_s,https://www.youtube.com/shorts/SlHQQRyur_s,kawhi leonard edit,155,
ArqDfL1PPdo,https://www.youtube.com/shorts/ArqDfL1PPdo,Ja morant🔫 #tuff #nba #fypシ゚viral #basketball #viral #edit #jamorant #grizzlies,154,
qXBF79zp-Dc,https://www.youtube.com/shorts/qXBF79zp-Dc,Dennis Rodman Had the MOST INSANE 20-Rebound Game Ever 😭🔥 #nba #dennisrodman #michaeljordan #shorts,144,
rMN619qpKR0,https://www.youtube.com/shorts/rMN619qpKR0,jimmy butler playoff mode🔥 #shorts,120,
g4bsTJnGA5I,https://www.youtube.com/shorts/g4bsTJnGA5I,Kobe aesthetic #nba #shorts #aesthetic #basketball,111,
aDZ8xqNFn_g,https://www.youtube.com/shorts/aDZ8xqNFn_g,Lamelo is too Flashy with his passes👀🤯 #shorts #nba #basketball,109,
DUvVOB_AnfE,https://www.youtube.com/shorts/DUvVOB_AnfE,90s edit,90,
5Ym1tjiuyQY,https://www.youtube.com/shorts/5Ym1tjiuyQY,Trae Young Nutmeg 😱🥶 | #Shorts,81,
hrjtr9pK1Lw,https://www.youtube.com/shorts/hrjtr9pK1Lw,SGA was MAD 😤He broke Edwards' ankles and finished with a huge dunk.,64,
ALu4cXv7FVM,https://www.youtube.com/shorts/ALu4cXv7FVM,Dame Has Ice In His Veins #shortsfeed #shorts,58,
4A9L2LvjJ9c,https://www.youtube.com/shorts/4A9L2LvjJ9c,Tyrese Haliburton's Most Insane Passing Highlights! 🏀 #Shorts,53,
t5NxD95m5eI,https://www.youtube.com/shorts/t5NxD95m5eI,Kobe has no fear 😧 |#shorts #nba #basketball #edit #love #youtube #funny #explore #support #kobe,52,
TA582McWlIo,https://www.youtube.com/shorts/TA582McWlIo,steph owns brooks #stephencurry #curry #3pt #nba #nbaedits #edits #aftereffects #quality,47,
ZtYbNvg4ljs,https://www.youtube.com/shorts/ZtYbNvg4ljs,Shai best player in the world #shaigilgeousalexander #lukadoncic #edit #nba,46,
qwsGMQSs5kc,https://www.youtube.com/shorts/qwsGMQSs5kc,Ranking the most unexpected NBA edits final📋🔥😱 #nba #nbaranking #unexpected,42,
GC6_4oPvMqs,https://www.youtube.com/shorts/GC6_4oPvMqs,Trae Nutmeg🔥🔥🔥 #fyp #nba #shorts #traeyoung #hawks #atlantahawks,40,
ofhBTHRu5eA,https://www.youtube.com/shorts/ofhBTHRu5eA,Lukas  dime passes are too smooth 😎🤩 #shorts #basketball,40,
Yx8fNSmEvWo,https://www.youtube.com/shorts/Yx8fNSmEvWo,TYSMMMMMSMSMMSMMSM #basketball #realmadrid #euroleague,35,
QVbzX55aUbs,https://www.youtube.com/shorts/QVbzX55aUbs,Luka Doncic with his signature move! 🧙🧙 #nba #shorts,33,
vfTjqpu-gBc,https://www.youtube.com/shorts/vfTjqpu-gBc,Masked LeBron Is A Villain. 🥷 #shorts,26,
IQMPBbwlOoI,https://www.youtube.com/shorts/IQMPBbwlOoI,#nba #basketball #basketballhighlights #sportsshorts #phonk #fyp #fypシ゚viral #shorts #shorts,22,
hA9nndS0180,https://www.youtube.com/shorts/hA9nndS0180,Dame time edit,20,
uetdWadDTL4,https://www.youtube.com/shorts/uetdWadDTL4,The Clock Hits 0.0... Kobe Does It Again 🐐,18,
SuvHQ1kt8sg,https://www.youtube.com/shorts/SuvHQ1kt8sg,Shai is just TOO SMOOTH. 😮‍💨🥶 #nba #basketball #sga #highlights #shorts,18,
H_VvEaHNh3M,https://www.youtube.com/shorts/H_VvEaHNh3M,🏀🔥 TOP 5 EPIC HIGHSCHOOL BASKETBALL MOMENTS! #basketball #viral #nba #hoops,18,
b5VhiXL8Z6c,https://www.youtube.com/shorts/b5VhiXL8Z6c,ASSIST = GOAL 🤯⚽ | Football’s Most Perfect Assists #shorts,16,
V6pEf1n5N2Y,https://www.youtube.com/shorts/V6pEf1n5N2Y,"""Mamba Effortless Midrange"" 🐍🎯#viralshorts  #basketballshorts #nbahighlights",15,
B10MgzrVWlE,https://www.youtube.com/shorts/B10MgzrVWlE,Kobe Bryant #basketball #basketballhighlights #edit #shorts,15,
NGGmbZeIqQI,https://www.youtube.com/shorts/NGGmbZeIqQI,Tuff #edit #viral #mixtape #stephencurry #basketball #automobile #madden23 #music #newmusic #nfl,12,
H482SKMtC4I,https://www.youtube.com/shorts/H482SKMtC4I,(player highlight) Dennis Rodman skills are out this world #basketballshorts #nba,12,
ejj4pz8pGVY,https://www.youtube.com/shorts/ejj4pz8pGVY,Giannis #basketball #giannis #giannisantetokounmpo #greece #basketballshorts  #viral #explore #short,12,
39SEGNq3fI4,https://www.youtube.com/shorts/39SEGNq3fI4,Lamelo flashy passes #shorts #basketball #nba #lamelo,12,
kBF4Bbytzzs,https://www.youtube.com/shorts/kBF4Bbytzzs,Eastern European NBA Anthem #nba #jokic #lukadoncic #basketball #easterneurope,11,
jiTKeoF-LX0,https://www.youtube.com/shorts/jiTKeoF-LX0,Always Welcome Home#JalenWilliams #ThunderUp #NBA #Basketball #Shorts,10,
KpHnLy-mWW8,https://www.youtube.com/shorts/KpHnLy-mWW8,Trae Young Nutmeg,8,
vXgcM-dgoQs,https://www.youtube.com/shorts/vXgcM-dgoQs,Olivia dean / shai #fypage # bball,8,
Xd6xJEoCbbY,https://www.youtube.com/shorts/Xd6xJEoCbbY,Kobe Bryant #basketball #edit #nba #dunk #shorts,8,
3KcSSAZ5KdQ,https://www.youtube.com/shorts/3KcSSAZ5KdQ,Same time #edit #damienlillard #fyp ￼,5,
eJ-pcbwN1ts,https://www.youtube.com/shorts/eJ-pcbwN1ts,The Loudest Empty Arena in NBA History #shorts,4,
SdsHyt0aY7M,https://www.youtube.com/shorts/SdsHyt0aY7M,PHONK DRIFT EDIT ⚡ (Insane Bass Sync) #shorts,4,
Ca_4LV5I1ZE,https://www.youtube.com/shorts/Ca_4LV5I1ZE,Unbelievable NBA Shot: Step Back Three Stuns Crowd! #shorts,2,
